n,MeanDiff,MSR,Upper Ratio Limit,Lower Ratio Limit,Upper Agreement Limit,Lower Agreement Limit
100,0.993779261521159,4.331991150419006,1.1014258309522222,0.8966534040478485,2.77934979896041,0.3553339061527778
