Sample,Exp1,Exp2
1A,0.0228209746026534,0.006359277384125087
2A,0.10546522677603191,0.09724027702138657
3A,0.47218155906077935,1.8209086190592165
4A,20.087341207213203,5.486305797495426
5A,82.50728449255526,146.76519954489675
